,energy,max_power,max_power_freq,mean_spectrum,var_spectrum,max_spectrum,entropy,min_spectrum,no_zero_crossings,no_mean_crossings,n5,n25,n75,n95,median,mean,std,var,rms,TipoSismo
0,0.05310861377443382,0.014199316859387955,0.390625,0.00030460218676101297,7.792240462829788e-06,0.003205470315983675,2.3587345739286392e-05,8.589699882202984,150.0,154.0,-0.05330553660416089,-0.007729352587433241,0.008603073120816982,0.03654545942256099,0.0003591941416404514,0.0011797321732344894,0.05419473237176996,0.0029370690168477706,0.022760293404113622,sisLoc
1,3.244844497328674e-06,1.8324490952848814e-07,3.90625,5.284037083758356e-06,4.242112879492066e-10,5.9617416731440956e-05,4.60781127359966e-07,8.589699882202984,432.0,434.0,-0.000270774708307231,-9.981387183361604e-05,9.876544558291354e-05,0.00027750285911255903,4.26965043204611e-06,-1.405954907273297e-06,0.0004029027021087255,1.6233058736651238e-07,0.00015438461991240933,sisLoc
2,8.804789574895793e-11,6.431582731422595e-12,4.6875,3.225305343278792e-08,1.0809140482607455e-14,3.2649307042595347e-07,2.796161059810589e-09,8.589699882202984,525.0,523.0,-1.6363791864960875e-06,-5.790571443865396e-07,5.97102163470287e-07,1.6524964476475948e-06,-3.0808320529196e-09,-4.690671384391435e-09,2.1131086535238387e-06,4.465228181597331e-12,8.961386831610975e-07,sisLoc
3,0.08978236994390223,0.023096794342442648,0.1953125,0.000312025981979216,1.3325532256112325e-05,0.0038915645278351633,8.251276320999542e-06,8.589699882202984,111.0,113.0,-0.06682259918291175,-0.008171886138645052,0.006516918509315594,0.03979134662716273,-0.00020431580799076685,-0.0004059479085102379,0.0715883932139141,0.005124898042949981,0.02902386185976103,sisLoc
4,3.5367720484355736e-06,2.6092671656033373e-07,3.90625,3.6170087881887934e-06,5.492457213982533e-10,5.447490310590154e-05,7.573639751651627e-08,8.589699882202984,395.0,399.0,-0.0001541217095868483,-5.767317422642182e-05,5.3474757525356526e-05,0.0001565516439473505,3.033609708718889e-06,8.098534602121467e-07,0.0004135259774926564,1.7100373406125697e-07,0.00010021113923975508,sisLoc
5,8.879592135471871e-11,7.878286635341788e-12,4.296875,1.8924952655846458e-08,1.3633408350249215e-14,2.7460010669009685e-07,3.7763142539725846e-10,8.589699882202984,448.0,448.0,-9.111766364127399e-07,-2.8019294251560706e-07,2.784834674257129e-07,9.137069219700539e-07,2.8475388409748974e-09,4.33659252760285e-09,2.076725278104039e-06,4.312787880716298e-12,5.40081402241918e-07,sisLoc
6,0.04122481641340148,0.010551334062873015,0.1953125,0.0002298971015727346,5.697250251592113e-06,0.0024829757079157704,7.970273497787938e-06,8.589699882202984,46.0,48.0,-0.049542259733863774,-0.008945687637573736,0.007017335049787601,0.0345509283566382,-0.0001752962539348962,-0.0008871215722678924,0.04789024845030266,0.0022934758966317165,0.022160336965749552,sisLoc
7,1.637783561370029e-06,8.469988778935496e-08,3.90625,3.3442451117014974e-06,2.5482938934307726e-10,5.37512181964673e-05,1.8500490314685056e-10,8.589699882202984,296.0,296.0,-7.599738590094097e-05,-1.7978544078489164e-05,1.4266645919010663e-05,8.978179723694523e-05,1.0589239714305692e-07,1.430813236296443e-06,0.00028070163841439,7.879340980852294e-08,5.3212492329436894e-05,sisLoc
8,4.416912568942971e-11,3.065776131749746e-12,4.6875,1.828379785994567e-08,6.798529476123199e-15,2.8922831944153164e-07,1.424294612307174e-12,8.589699882202984,371.0,369.0,-5.063244111078281e-07,-9.489473640303913e-08,9.387376618644633e-08,5.280222656417545e-07,4.586870915932167e-11,6.772272509314039e-09,1.4613912200532365e-06,2.135664298048687e-12,3.114835365267538e-07,sisLoc
9,0.04122481641340148,0.010551334062873015,0.1953125,0.0002298971015727346,5.697250251592113e-06,0.0024829757079157704,7.970273497787938e-06,8.589699882202984,46.0,48.0,-0.049542259733863774,-0.008945687637573736,0.007017335049787601,0.0345509283566382,-0.0001752962539348962,-0.0008871215722678924,0.04789024845030266,0.0022934758966317165,0.022160336965749552,sisLoc
10,1.637783561370029e-06,8.469988778935496e-08,3.90625,3.3442451117014974e-06,2.5482938934307726e-10,5.37512181964673e-05,1.8500490314685056e-10,8.589699882202984,296.0,296.0,-7.599738590094097e-05,-1.7978544078489164e-05,1.4266645919010663e-05,8.978179723694523e-05,1.0589239714305692e-07,1.430813236296443e-06,0.00028070163841439,7.879340980852294e-08,5.3212492329436894e-05,sisLoc
11,4.416912568942971e-11,3.065776131749746e-12,4.6875,1.828379785994567e-08,6.798529476123199e-15,2.8922831944153164e-07,1.424294612307174e-12,8.589699882202984,371.0,369.0,-5.063244111078281e-07,-9.489473640303913e-08,9.387376618644633e-08,5.280222656417545e-07,4.586870915932167e-11,6.772272509314039e-09,1.4613912200532365e-06,2.135664298048687e-12,3.114835365267538e-07,sisLoc
12,0.10847354869616643,0.02812324184172158,0.1953125,0.00032011742211678453,1.5583919953475024e-05,0.004001630508112962,1.420412164571378e-06,8.589699882202984,31.0,29.0,-0.06574914259225079,-0.010722253906310965,0.00886762881562976,0.05403856891510676,0.0005818862541051281,-0.0003063295634710824,0.07769520178971617,0.006036544381144714,0.03433111968255097,sisLoc
13,3.342922157959618e-06,2.422722908223967e-07,3.90625,2.7356545133332295e-06,5.404657625991291e-10,4.547006247584301e-05,1.6560180809991896e-10,8.589699882202984,270.0,266.0,-0.00016285021408750258,-4.7275012036183443e-07,2.85921725414919e-06,0.00016132856721563974,5.486955469549747e-08,4.545559938923482e-07,0.00040179099153221155,1.6143600087643769e-07,7.73194843919625e-05,sisLoc
14,9.183034795057144e-11,8.514272488764174e-12,4.8828125,1.591242123709858e-08,1.439847071618266e-14,2.4634309686457746e-07,7.45892088368075e-13,8.589699882202984,279.0,273.0,-1.2861286943487503e-06,-4.0761607505350294e-08,1.0884248640110216e-08,1.28778359680361e-06,3.5053105895267516e-11,2.7980103904021006e-09,2.1203814946252815e-06,4.496017682749342e-12,5.442627143045846e-07,sisLoc
15,0.040129926525193,0.010482139900432902,0.390625,0.0002483170566662121,5.881835561065898e-06,0.002763274141006547,1.592577504632005e-05,8.589699882202984,165.0,165.0,-0.0482371769108188,-0.0074471058613932925,0.006153211828797762,0.033836686620308865,-5.7866339450991666e-05,-0.000401532947110649,0.04694939269409169,0.0022042454743440303,0.019881775473603987,sisLoc
16,2.2137565431357073e-06,1.341083168341622e-07,4.1015625,3.826063388096533e-06,3.1177224463562944e-10,4.7965495983322825e-05,2.1818832234573712e-07,8.589699882202984,393.0,391.0,-0.00021524989016772554,-9.106165201317671e-05,9.297648766972239e-05,0.0002209560772917218,3.3029808478159486e-08,8.488215282511646e-07,0.0003314054876400898,1.0982959723796575e-07,0.00012737772536914143,sisLoc
17,5.2693658135430145e-11,4.3222518915059395e-12,4.4921875,1.9178120061186722e-08,7.321868053373717e-15,1.988815249556296e-07,1.1707887342008222e-09,8.589699882202984,472.0,472.0,-1.245732770894296e-06,-3.936924368846462e-07,3.869912844060361e-07,1.2540060541698768e-06,-1.2776151167027591e-08,4.176019145959168e-09,1.6245138464420738e-06,2.639045237282022e-12,6.407014516442369e-07,sisLoc
18,0.09550803371500288,0.025294931433797962,0.1953125,0.00031109606887481396,1.3735158984680143e-05,0.003761431451281918,7.3935501943118e-06,8.589699882202984,64.0,70.0,-0.04933986245814098,-0.008899105426684862,0.00975359690719633,0.05390336053752803,0.000661942833382351,0.0007624707634364435,0.07308143061237839,0.005340895500351876,0.032051564587562364,sisLoc
19,3.0408304038946934e-06,2.3521508529869952e-07,3.90625,3.380275845274747e-06,4.770263222581813e-10,5.380499059926296e-05,1.5065803133850504e-10,8.589699882202984,271.0,265.0,-0.00015207144552874783,-3.3815973884910786e-05,3.296970715213728e-05,0.00015274114286099823,1.3021148991730164e-07,-9.280254692602274e-07,0.00038365087291416643,1.471879922878019e-07,8.498788968336003e-05,sisLoc
20,8.201767280265562e-11,7.442192232314172e-12,4.6875,1.8951862042651383e-08,1.2822402690825129e-14,3.006066576407487e-07,1.817642615138818e-12,8.589699882202984,296.0,290.0,-8.278572553054848e-07,-1.4715857697743613e-07,1.4760468029949834e-07,8.235801576329317e-07,1.0439174947496603e-11,-5.172107941457577e-09,1.9944374870538286e-06,3.977780889765591e-12,4.496219229233913e-07,sisLoc
21,0.12361650019184646,0.031801105139455284,0.1953125,0.00036210490783500165,1.726209055848306e-05,0.004193145214484446,7.5227771447712916e-06,8.589699882202984,39.0,37.0,-0.06937197249961223,-0.014111280890343948,0.012162408247340602,0.05930806848876415,-2.8844616215114712e-05,-0.0006684262717235807,0.08281050964761982,0.006857580508098535,0.03847448232193035,sisLoc
22,3.598820626674447e-06,2.6487878943069114e-07,3.90625,2.9824228234725986e-06,5.826127068111058e-10,4.976801995586027e-05,4.867485532515829e-10,8.589699882202984,249.0,247.0,-0.00011058047619070201,-1.1459950473969797e-05,2.8249345934369414e-06,0.00011843924541234084,7.32921440802734e-08,5.681425298104914e-07,0.00041612409936059227,1.7315926606866407e-07,6.844588130344264e-05,sisLoc
23,9.590596948817059e-11,9.43361838004682e-12,4.4921875,1.663675431390844e-08,1.5419130525185613e-14,2.7572623342781367e-07,2.7109782739850353e-12,8.589699882202984,300.0,292.0,-6.681223928530828e-07,-5.456442290551512e-08,3.10608537066951e-08,6.727426261640043e-07,-1.3781904548181635e-10,3.744858127411927e-09,2.150970906213209e-06,4.626675839375674e-12,3.911404461306902e-07,sisLoc
24,0.1207436718354433,0.031736976598238584,0.1953125,0.00033160957273974215,1.754191347551095e-05,0.004247547227433835,2.580041783681124e-06,8.589699882202984,21.0,21.0,-0.062308636623545,-0.009508264923355835,0.010381874036099194,0.05844514780331827,-0.00016271104081424468,0.0002598554947349491,0.0820589425586716,0.0067336700538473656,0.03524699645211097,sisLoc
25,3.63642510361124e-06,2.798080909907402e-07,4.1015625,2.238965905658763e-06,6.010703834196451e-10,4.0884026874927885e-05,1.6642410226599658e-10,8.589699882202984,153.0,151.0,-8.704796632595252e-05,-3.3879903198789465e-07,1.1343341927335035e-06,9.388383622810104e-05,1.787977771215151e-08,1.3833877943076747e-07,0.0004178295057365741,1.745814958640698e-07,5.472845342640852e-05,sisLoc
26,9.517675699652028e-11,9.657708179157552e-12,4.6875,1.0716191671501416e-08,1.5680777693474496e-14,1.8888361762948577e-07,7.9314655669724e-13,8.589699882202984,192.0,188.0,-5.010657906817406e-07,-4.3693361615605105e-09,4.03404809720522e-09,5.309829204188659e-07,-2.648898722610023e-11,5.963232960842781e-10,2.140990675431454e-06,4.583841072284435e-12,3.103051871444775e-07,sisLoc
27,0.04473110531312027,0.01173601195474628,0.1953125,0.00021938706468485034,6.3797916319682265e-06,0.0026037238480652366,5.334439749216973e-06,8.589699882202984,57.0,49.0,-0.038069265972278665,-0.006281683581538345,0.006146316887708975,0.03769527468690479,0.0004632949141906978,0.0003507157105518553,0.049998654281586355,0.0024998654299695938,0.0221995436492724,sisLoc
28,1.364387958285716e-06,1.0001215652111132e-07,4.1015625,1.6465573051722374e-06,2.175819308450961e-10,2.452551456544039e-05,2.2745810176287486e-10,8.589699882202984,305.0,305.0,-8.292763803773552e-05,-1.2657309016716903e-05,1.4740560378321909e-05,7.951377182763785e-05,1.0023468800849626e-07,-6.762364919389613e-08,0.0002568572831782032,6.597566392168767e-08,4.819007773860625e-05,sisLoc
29,3.599216514450393e-11,3.487492371734022e-12,4.4921875,8.658305806764589e-09,5.6531381489711216e-15,1.1627658496344453e-07,1.3368962012648574e-12,8.589699882202984,351.0,351.0,-5.274069194155367e-07,-8.78606799174313e-08,9.059083633613073e-08,5.362781513274355e-07,3.599748181503178e-11,1.2081315062078232e-10,1.3242934954730844e-06,1.75375326215232e-12,2.9463982018556536e-07,sisLoc
30,0.07658407853349056,0.01969475443409854,0.1953125,0.00029539408939552477,1.073393422355196e-05,0.00331901684084171,7.138945092214677e-06,8.589699882202984,82.0,78.0,-0.06096421849729288,-0.01049886278922462,0.009613823805361979,0.04899326170293169,-0.0005702244516243735,-0.0007924787858424326,0.06537831430623559,0.004274323981524929,0.03030960164302063,sisLoc
31,2.3167199162605435e-06,1.6950870346277692e-07,4.1015625,2.366328542554451e-06,3.636762425870817e-10,3.322779487112963e-05,3.178852009186452e-10,8.589699882202984,264.0,264.0,-0.00012518013943515813,-3.0890229040520705e-05,2.6245479302409306e-05,0.00013872445605512886,2.1390689550323318e-07,1.8404164730359926e-07,0.00033541709655666654,1.1250462866250416e-07,7.387879170852648e-05,sisLoc
32,6.101903714396753e-11,6.076847563943152e-12,4.6875,1.1531540703015405e-08,9.535937457287872e-15,1.4757584974525766e-07,1.1497642794178583e-12,8.589699882202984,371.0,371.0,-6.464951535576389e-07,-1.1987641790887674e-07,1.1917076424885647e-07,6.673307923043648e-07,1.2470029643001686e-10,1.057053434824414e-10,1.7286210060650187e-06,2.9881305826092377e-12,3.869100085973372e-07,sisLoc
33,0.0001598368022619534,1.1442603529096919e-05,0.0,3.778325057225596e-05,1.0539530673059711e-08,0.00012260576469064167,5.599700534440166e-06,8.589699882202984,158.0,158.0,-0.004564825886410242,-0.0020642065095246897,0.0017415469642886598,0.004666706666947667,-0.00017314453950454677,-7.889846860092476e-05,0.0029239128108323126,8.549266125349316e-06,0.0022915195653230836,sisLoc
34,4.86554775752083e-08,6.0438271807395e-10,4.296875,9.946182294893594e-07,5.1857690309633355e-12,9.913078791302074e-06,8.730922213450445e-08,8.589699882202984,447.0,447.0,-5.815924010238627e-05,-2.260353360461293e-05,2.2852248283630198e-05,5.977984885402649e-05,-2.1147514283210877e-07,-3.183757151549292e-07,5.15906808723346e-05,2.6615983528710714e-09,2.919425868954631e-05,sisLoc
35,7.80640081016268e-13,2.137690944323194e-14,5.6640625,4.081227837940359e-09,5.346842061747932e-17,2.5110652535665456e-08,4.775480181183664e-10,8.589699882202984,559.0,559.0,-3.003348065420584e-07,-1.1648855152961209e-07,1.1754840481711958e-07,3.053051204760892e-07,-1.1986376497236619e-09,-9.568284522803734e-10,2.174610751665867e-07,4.728931921260788e-14,1.50967266320931e-07,sisLoc
36,0.0001598368022619534,1.1442603529096919e-05,0.0,3.778325057225596e-05,1.0539530673059711e-08,0.00012260576469064167,5.599700534440166e-06,8.589699882202984,158.0,158.0,-0.004564825886410242,-0.0020642065095246897,0.0017415469642886598,0.004666706666947667,-0.00017314453950454677,-7.889846860092476e-05,0.0029239128108323126,8.549266125349316e-06,0.0022915195653230836,sisLoc
37,4.86554775752083e-08,6.0438271807395e-10,4.296875,9.946182294893594e-07,5.1857690309633355e-12,9.913078791302074e-06,8.730922213450445e-08,8.589699882202984,447.0,447.0,-5.815924010238627e-05,-2.260353360461293e-05,2.2852248283630198e-05,5.977984885402649e-05,-2.1147514283210877e-07,-3.183757151549292e-07,5.15906808723346e-05,2.6615983528710714e-09,2.919425868954631e-05,sisLoc
38,7.80640081016268e-13,2.137690944323194e-14,5.6640625,4.081227837940359e-09,5.346842061747932e-17,2.5110652535665456e-08,4.775480181183664e-10,8.589699882202984,559.0,559.0,-3.003348065420584e-07,-1.1648855152961209e-07,1.1754840481711958e-07,3.053051204760892e-07,-1.1986376497236619e-09,-9.568284522803734e-10,2.174610751665867e-07,4.728931921260788e-14,1.50967266320931e-07,sisLoc
39,0.0001598368022619534,1.1442603529096919e-05,0.0,3.778325057225596e-05,1.0539530673059711e-08,0.00012260576469064167,5.599700534440166e-06,8.589699882202984,158.0,158.0,-0.004564825886410242,-0.0020642065095246897,0.0017415469642886598,0.004666706666947667,-0.00017314453950454677,-7.889846860092476e-05,0.0029239128108323126,8.549266125349316e-06,0.0022915195653230836,sisLoc
40,4.86554775752083e-08,6.0438271807395e-10,4.296875,9.946182294893594e-07,5.1857690309633355e-12,9.913078791302074e-06,8.730922213450445e-08,8.589699882202984,447.0,447.0,-5.815924010238627e-05,-2.260353360461293e-05,2.2852248283630198e-05,5.977984885402649e-05,-2.1147514283210877e-07,-3.183757151549292e-07,5.15906808723346e-05,2.6615983528710714e-09,2.919425868954631e-05,sisLoc
41,7.80640081016268e-13,2.137690944323194e-14,5.6640625,4.081227837940359e-09,5.346842061747932e-17,2.5110652535665456e-08,4.775480181183664e-10,8.589699882202984,559.0,559.0,-3.003348065420584e-07,-1.1648855152961209e-07,1.1754840481711958e-07,3.053051204760892e-07,-1.1986376497236619e-09,-9.568284522803734e-10,2.174610751665867e-07,4.728931921260788e-14,1.50967266320931e-07,sisLoc
42,0.0001598368022619534,1.1442603529096919e-05,0.0,3.778325057225596e-05,1.0539530673059711e-08,0.00012260576469064167,5.599700534440166e-06,8.589699882202984,158.0,158.0,-0.004564825886410242,-0.0020642065095246897,0.0017415469642886598,0.004666706666947667,-0.00017314453950454677,-7.889846860092476e-05,0.0029239128108323126,8.549266125349316e-06,0.0022915195653230836,sisLoc
43,4.86554775752083e-08,6.0438271807395e-10,4.296875,9.946182294893594e-07,5.1857690309633355e-12,9.913078791302074e-06,8.730922213450445e-08,8.589699882202984,447.0,447.0,-5.815924010238627e-05,-2.260353360461293e-05,2.2852248283630198e-05,5.977984885402649e-05,-2.1147514283210877e-07,-3.183757151549292e-07,5.15906808723346e-05,2.6615983528710714e-09,2.919425868954631e-05,sisLoc
44,7.80640081016268e-13,2.137690944323194e-14,5.6640625,4.081227837940359e-09,5.346842061747932e-17,2.5110652535665456e-08,4.775480181183664e-10,8.589699882202984,559.0,559.0,-3.003348065420584e-07,-1.1648855152961209e-07,1.1754840481711958e-07,3.053051204760892e-07,-1.1986376497236619e-09,-9.568284522803734e-10,2.174610751665867e-07,4.728931921260788e-14,1.50967266320931e-07,sisLoc
45,0.052967684364596514,0.013404595221548344,0.1953125,0.00028689349607121284,7.249417273023927e-06,0.0028087380115646844,6.329111467373516e-06,8.589699882202984,105.0,89.0,-0.05041466617944931,-0.011841655256001041,0.009220689486233512,0.04093513805699482,-0.00045856332296798736,-0.0012864914930805268,0.05445502404315147,0.002965349643540205,0.026244756447833913,sisLoc
46,2.0602246629046224e-06,1.1312253353452439e-07,3.90625,3.6042106974681846e-06,2.913084272374418e-10,4.328492065880685e-05,2.582887194234658e-10,8.589699882202984,361.0,361.0,-0.0001807383280000625,-4.675988357077158e-05,4.583840023908452e-05,0.00018966175839115946,7.327955184798e-07,7.86214320835883e-07,0.00032109338366383486,1.0310096103269064e-07,9.987465686322457e-05,sisLoc
47,5.420893361086472e-11,4.218535123188856e-12,4.4921875,1.8486633443120566e-08,7.345216656514227e-15,1.8965422306352938e-07,1.4600381421696862e-12,8.589699882202984,444.0,442.0,-1.1927373779399774e-06,-2.9839483560355087e-07,2.835281309039082e-07,1.2098846080454729e-06,-5.182105346649214e-10,2.7288761257159325e-09,1.6645595939192978e-06,2.7707586417087776e-12,6.072797627521507e-07,sisLoc
48,0.052967684364596514,0.013404595221548344,0.1953125,0.00028689349607121284,7.249417273023927e-06,0.0028087380115646844,6.329111467373516e-06,8.589699882202984,105.0,89.0,-0.05041466617944931,-0.011841655256001041,0.009220689486233512,0.04093513805699482,-0.00045856332296798736,-0.0012864914930805268,0.05445502404315147,0.002965349643540205,0.026244756447833913,sisLoc
49,2.0602246629046224e-06,1.1312253353452439e-07,3.90625,3.6042106974681846e-06,2.913084272374418e-10,4.328492065880685e-05,2.582887194234658e-10,8.589699882202984,361.0,361.0,-0.0001807383280000625,-4.675988357077158e-05,4.583840023908452e-05,0.00018966175839115946,7.327955184798e-07,7.86214320835883e-07,0.00032109338366383486,1.0310096103269064e-07,9.987465686322457e-05,sisLoc
50,5.420893361086472e-11,4.218535123188856e-12,4.4921875,1.8486633443120566e-08,7.345216656514227e-15,1.8965422306352938e-07,1.4600381421696862e-12,8.589699882202984,444.0,442.0,-1.1927373779399774e-06,-2.9839483560355087e-07,2.835281309039082e-07,1.2098846080454729e-06,-5.182105346649214e-10,2.7288761257159325e-09,1.6645595939192978e-06,2.7707586417087776e-12,6.072797627521507e-07,sisLoc
51,0.052967684364596514,0.013404595221548344,0.1953125,0.00028689349607121284,7.249417273023927e-06,0.0028087380115646844,6.329111467373516e-06,8.589699882202984,105.0,89.0,-0.05041466617944931,-0.011841655256001041,0.009220689486233512,0.04093513805699482,-0.00045856332296798736,-0.0012864914930805268,0.05445502404315147,0.002965349643540205,0.026244756447833913,sisLoc
52,2.0602246629046224e-06,1.1312253353452439e-07,3.90625,3.6042106974681846e-06,2.913084272374418e-10,4.328492065880685e-05,2.582887194234658e-10,8.589699882202984,361.0,361.0,-0.0001807383280000625,-4.675988357077158e-05,4.583840023908452e-05,0.00018966175839115946,7.327955184798e-07,7.86214320835883e-07,0.00032109338366383486,1.0310096103269064e-07,9.987465686322457e-05,sisLoc
53,5.420893361086472e-11,4.218535123188856e-12,4.4921875,1.8486633443120566e-08,7.345216656514227e-15,1.8965422306352938e-07,1.4600381421696862e-12,8.589699882202984,444.0,442.0,-1.1927373779399774e-06,-2.9839483560355087e-07,2.835281309039082e-07,1.2098846080454729e-06,-5.182105346649214e-10,2.7288761257159325e-09,1.6645595939192978e-06,2.7707586417087776e-12,6.072797627521507e-07,sisLoc
54,0.052967684364596514,0.013404595221548344,0.1953125,0.00028689349607121284,7.249417273023927e-06,0.0028087380115646844,6.329111467373516e-06,8.589699882202984,105.0,89.0,-0.05041466617944931,-0.011841655256001041,0.009220689486233512,0.04093513805699482,-0.00045856332296798736,-0.0012864914930805268,0.05445502404315147,0.002965349643540205,0.026244756447833913,sisLoc
55,2.0602246629046224e-06,1.1312253353452439e-07,3.90625,3.6042106974681846e-06,2.913084272374418e-10,4.328492065880685e-05,2.582887194234658e-10,8.589699882202984,361.0,361.0,-0.0001807383280000625,-4.675988357077158e-05,4.583840023908452e-05,0.00018966175839115946,7.327955184798e-07,7.86214320835883e-07,0.00032109338366383486,1.0310096103269064e-07,9.987465686322457e-05,sisLoc
56,5.420893361086472e-11,4.218535123188856e-12,4.4921875,1.8486633443120566e-08,7.345216656514227e-15,1.8965422306352938e-07,1.4600381421696862e-12,8.589699882202984,444.0,442.0,-1.1927373779399774e-06,-2.9839483560355087e-07,2.835281309039082e-07,1.2098846080454729e-06,-5.182105346649214e-10,2.7288761257159325e-09,1.6645595939192978e-06,2.7707586417087776e-12,6.072797627521507e-07,sisLoc
57,0.052967684364596514,0.013404595221548344,0.1953125,0.00028689349607121284,7.249417273023927e-06,0.0028087380115646844,6.329111467373516e-06,8.589699882202984,105.0,89.0,-0.05041466617944931,-0.011841655256001041,0.009220689486233512,0.04093513805699482,-0.00045856332296798736,-0.0012864914930805268,0.05445502404315147,0.002965349643540205,0.026244756447833913,sisLoc
58,2.0602246629046224e-06,1.1312253353452439e-07,3.90625,3.6042106974681846e-06,2.913084272374418e-10,4.328492065880685e-05,2.582887194234658e-10,8.589699882202984,361.0,361.0,-0.0001807383280000625,-4.675988357077158e-05,4.583840023908452e-05,0.00018966175839115946,7.327955184798e-07,7.86214320835883e-07,0.00032109338366383486,1.0310096103269064e-07,9.987465686322457e-05,sisLoc
59,5.420893361086472e-11,4.218535123188856e-12,4.4921875,1.8486633443120566e-08,7.345216656514227e-15,1.8965422306352938e-07,1.4600381421696862e-12,8.589699882202984,444.0,442.0,-1.1927373779399774e-06,-2.9839483560355087e-07,2.835281309039082e-07,1.2098846080454729e-06,-5.182105346649214e-10,2.7288761257159325e-09,1.6645595939192978e-06,2.7707586417087776e-12,6.072797627521507e-07,sisLoc
60,0.06806703114875375,0.01756534430220942,0.1953125,0.00032705703983794345,9.321992868173085e-06,0.003180024290648653,7.0629287089046745e-06,8.589699882202984,90.0,90.0,-0.053492435352581164,-0.01328746899806102,0.010366528869227988,0.04248633518696194,0.00024942821947480215,-0.0008658431537052982,0.0617133042482467,0.0038085319212366638,0.029321149928842726,sisLoc
61,2.650514541290034e-06,1.6174353950827474e-07,4.296875,4.42597532841752e-06,3.624212734417775e-10,5.2180009153241674e-05,6.984208976905616e-10,8.589699882202984,306.0,304.0,-0.0002932987542456422,-4.071536859771027e-05,4.486153619224871e-05,0.00029650859203678083,1.4023548281089568e-07,1.100218833477295e-06,0.00036713774416276187,1.347901231889216e-07,0.00012518689428361553,sisLoc
62,7.470207463142679e-11,5.845587739629084e-12,4.4921875,2.522203470236658e-08,9.631262015124064e-15,2.765926670795339e-07,2.3383132726096337e-12,8.589699882202984,351.0,347.0,-1.9314061877918995e-06,-2.9526647358507047e-07,2.709239632497437e-07,1.9726499145092934e-06,-9.797108798400042e-11,5.3369592923072785e-09,1.97653559232389e-06,3.9066929477231505e-12,7.884525902927773e-07,sisLoc
63,0.11058697904067395,0.028545697154947584,0.1953125,9.538293365821998e-05,3.382699950683284e-06,0.003986729129818641,1.736985792971607e-14,10.33266918726161,654.0,629.0,-0.013838880257732993,-0.00027305148229043194,0.00020067421603221048,0.011734206791392605,-8.647871145938763e-13,-0.00013815807934324371,0.03288236801419735,0.0010812501262211088,0.007814505249103083,sisReg
64,4.945344813475928e-06,2.6392940468757186e-07,3.90625,1.5515392677397384e-06,1.3544434780619593e-10,5.7203727507333606e-05,1.4631589446431478e-18,10.33266918726161,964.0,933.0,-0.0002570206927705339,-4.720130280795631e-09,1.1721885145957331e-08,0.00025458284533501726,2.1220309897041426e-16,1.707618422129167e-07,0.00021456190873076132,4.603681267818755e-08,7.351755871556961e-05,sisReg
65,1.4343843121604603e-10,7.732799130623733e-12,4.6875,9.475654866699647e-09,3.903966595147183e-15,3.792544135535623e-07,9.903710046751401e-21,10.33266918726161,1045.0,1011.0,-1.3963849801941321e-06,-1.0553113145213103e-10,1.5246474641215246e-10,1.3960571227333405e-06,6.321235121642068e-19,1.2939513326386547e-09,1.1569583575247082e-06,1.3385526410462706e-12,4.015831176093873e-07,sisReg
66,0.37238118499141304,0.008292653592508177,0.1953125,0.0007109922080344661,7.172850080276265e-06,0.004809641957794874,1.3134395723463496e-09,10.33266918726161,788.0,780.0,-0.08374793079842789,-0.024868622335192592,0.005349474669254034,0.13018072022688534,-0.00011500439085849109,-0.0001917940810531065,0.06296810113954804,0.00396498176112035,0.037287777794670456,sisReg
67,0.0001809575807865657,3.2415457101030846e-06,4.1015625,1.5117430211766311e-05,3.5534972096749333e-09,0.00011777571633086355,1.0868158599896802e-13,10.33266918726161,1810.0,1795.0,-0.002171759267861662,-0.00022174354620437274,0.00019751746639040562,0.002365646579481042,7.902736297672219e-13,-1.0160802211947002e-07,0.0014123500452216315,1.9947326502375447e-06,0.0007484850831017936,sisReg
68,2.5674168122600724e-09,7.823044024538343e-11,5.859375,5.7061698633914906e-08,5.2718964366778725e-14,5.080885213445303e-07,4.2344689568678133e-14,10.33266918726161,2106.0,2094.0,-7.7390345566516e-06,-1.1247866136108855e-06,7.982334948549481e-07,8.332942130673178e-06,-1.9109945392960506e-11,-5.3638537472545865e-09,5.30690006379363e-06,2.816318828709283e-11,2.8235110810385222e-06,sisReg
69,0.013956865296311365,0.00023701993102848612,1.7578125,0.00013532551697460272,2.8486426917933117e-07,0.0011043098656953272,6.936092512501762e-06,10.33266918726161,1547.0,1547.0,-0.012715914267609273,-0.003376341928862156,0.002853029078730628,0.009047317209688146,-0.00010103631306043466,8.703430621771215e-06,0.012605463187780861,0.00015889770217849842,0.005525226983231328,sisReg
70,9.70752745441503e-06,3.2154422586078085e-07,4.1015625,3.407553132585345e-06,1.9994118761483456e-10,4.28871063901679e-05,1.887908216631379e-07,10.33266918726161,2634.0,2632.0,-0.00030871334104188745,-8.069056063919687e-05,7.96895552881315e-05,0.00030194721298609165,2.2093062049631285e-07,1.5493369571825385e-07,0.0003283253816763825,1.0779755625294221e-07,0.00015003154443948505,sisReg
71,1.026513348036779e-10,2.7059629024327184e-12,4.6875,1.3142105686313915e-08,2.096327683210638e-15,2.3034481635245738e-07,7.842899070034805e-10,10.33266918726161,3195.0,3195.0,-1.1010476294388537e-06,-3.0569922935894853e-07,2.801878168190364e-07,9.957948445579357e-07,-1.039124488580158e-11,5.182763849392275e-11,1.0523987603673927e-06,1.107543150822825e-12,5.173628121877192e-07,sisReg
72,0.10608502231361971,0.027172169780245878,0.1953125,0.00010415834719922365,3.238447715468707e-06,0.003930030176170826,4.940054925532122e-13,10.33266918726161,785.0,765.0,-0.012077093550019024,-0.001014490653875745,0.001190786096742511,0.010695383834245146,1.853074446360568e-11,-3.081540236201362e-05,0.032172531727598826,0.001035071797763353,0.007719799829844981,sisReg
73,5.173314599951994e-06,2.633055233014438e-07,4.1015625,1.6903936200978294e-06,1.3556926236108316e-10,3.556967848517329e-05,2.610885567196373e-17,10.33266918726161,1390.0,1371.0,-0.0002462731104372429,-1.1355538900302496e-07,1.1697869702857088e-06,0.0002470866152331803,6.458489073613531e-15,-7.074797089460054e-10,0.00021869422580555298,4.7827164400690194e-08,8.106847106250422e-05,sisReg
74,1.705457259288149e-10,8.65628276173809e-12,4.6875,1.088655758467289e-08,4.1552577567390904e-15,2.3284602476757218e-07,4.2242832600933777e-19,10.33266918726161,1503.0,1475.0,-1.7184248924398318e-06,-5.913839176589075e-09,4.475775088187307e-09,1.7182814333314838e-06,-7.029714348238146e-19,-4.3713782048796026e-10,1.2811375830627482e-06,1.64131350673586e-12,5.619834141639706e-07,sisReg
75,0.10927939287164608,0.02824567251939936,0.1953125,9.782085719519792e-05,3.3371555943024383e-06,0.003990148930712928,8.902960536253984e-14,10.33266918726161,582.0,558.0,-0.013140497808919623,-0.0006408536698262876,0.000562801391454174,0.012575535917011611,-3.56848470062774e-12,6.942863126246079e-05,0.032692305497256734,0.001068786838725963,0.0078437166102671,sisReg
76,4.552662711307426e-06,2.6457360249064297e-07,3.90625,1.632977291163403e-06,1.273445313398944e-10,6.152250904723333e-05,5.544463245475916e-18,10.33266918726161,1193.0,1165.0,-0.00021006855633503866,-2.4977835112595472e-08,4.1072322597924676e-08,0.00021312775688860457,4.0245844386955036e-16,-2.087998090915149e-07,0.0002035586143279981,4.143610946713467e-08,6.406704727177495e-05,sisReg
77,1.481854745298187e-10,7.46908678909459e-12,4.296875,1.0427600363433483e-08,3.912290880329645e-15,3.526305965170733e-07,4.2078703733581655e-20,10.33266918726161,1390.0,1359.0,-1.4888978500794723e-06,-3.757285098241061e-10,4.4743057776319586e-10,1.5100716303182296e-06,-2.1773722313577345e-19,-1.206617190053993e-09,1.1878780401217841e-06,1.411054238203571e-12,4.5440759442569775e-07,sisReg
78,0.04967124904446168,0.012138715090001678,0.1953125,4.6016465154717554e-05,1.529624023192678e-06,0.002686546384248464,6.049435497451403e-19,10.33266918726161,136.0,98.0,-0.006348524054548355,-5.9082606051083274e-08,3.2735108107013696e-08,0.006720795081631052,-1.6788270627361005e-16,-3.312427134688616e-05,0.02187335790490176,0.00047844378603592835,0.00441190767932763,sisReg
79,2.2066478896105068e-06,1.6521999609162184e-07,4.6875,6.135936467713648e-07,6.934139947516225e-11,5.130306099308946e-05,5.859082775455287e-23,10.33266918726161,378.0,333.0,-1.9223757483207217e-05,-6.580614396143578e-13,1.6968082042311963e-12,2.006358725752207e-05,1.4233323961344204e-20,-1.9787781925944863e-07,0.0001388481551028425,1.927881017546301e-08,1.374839846641438e-05,sisReg
80,6.713268991763562e-11,7.923648979481505e-12,4.6875,3.348720553595989e-09,2.1102712472614848e-15,2.783437501153646e-07,7.169719584860734e-25,10.33266918726161,447.0,397.0,-9.853191163344644e-08,-1.4950520017897045e-14,1.2070392781562943e-14,1.0469339904787033e-07,-1.4634076211054734e-23,-9.640153163853766e-10,7.687259559990096e-07,5.909395954265913e-13,7.954594760846408e-08,sisReg
81,0.11142777157922462,0.026379746440682663,0.1953125,0.00011056090395420194,3.3352036405713393e-06,0.00388080403934579,2.5010431325806152e-14,10.33266918726161,527.0,503.0,-0.01407522437967987,-0.00022964309241848698,0.000441672161011941,0.019147819147827032,6.402954410226146e-12,0.0001139765915878898,0.03286223619669773,0.0010799265678475506,0.008713067007586383,sisReg
82,5.961128576921165e-06,2.435107710528405e-07,4.4921875,1.5812980775300511e-06,1.6795930297944717e-10,4.639941838940658e-05,1.2064818565328944e-18,10.33266918726161,935.0,905.0,-0.00021048456534433505,-6.0620628014555386e-09,1.5746887721232708e-08,0.00021161109827740691,2.03077567233199e-16,-9.109348807434598e-08,0.00024226401568875158,5.8691853297639665e-08,7.041524433716358e-05,sisReg
83,1.6827130043494646e-10,8.940569577524694e-12,4.4921875,8.260619709252223e-09,4.686163897470358e-15,1.880967572575365e-07,2.392110070342486e-20,10.33266918726161,1136.0,1109.0,-1.1643122337550022e-06,-2.201334126408128e-10,2.5942025091160654e-10,1.1886690918748497e-06,9.950746288678384e-20,-1.0290923135841917e-10,1.3030968813422833e-06,1.6980614821639849e-12,3.949493802012309e-07,sisReg
84,0.1122545895041115,0.02963045606576488,0.1953125,7.789474262089076e-05,3.464562448837008e-06,0.004083797502721742,1.3539698277984157e-16,10.33266918726161,325.0,299.0,-0.011375503150135751,-3.7522497365162965e-06,5.229574603405037e-06,0.009567865617397456,6.231658751552054e-15,1.877904977438322e-05,0.03314648522915577,0.0010986894830466414,0.006874525563356414,sisReg
85,3.7255514180353625e-06,2.3145154167464623e-07,3.90625,9.771933852055518e-07,1.135189085957339e-10,5.485832843367317e-05,7.553868053523565e-21,10.33266918726161,696.0,659.0,-0.00011267641216122343,-5.455644670505132e-11,1.5336149601478723e-10,0.0001122926861354108,1.4331759120664595e-18,1.5310793297273998e-07,0.00017938418333239003,3.2178685229828515e-08,3.156712524579264e-05,sisReg
86,1.0323642841363858e-10,8.872537794522832e-12,4.6875,5.698076765644055e-09,3.1132204624922384e-15,2.995138199424818e-07,4.7171234317029e-23,10.33266918726161,839.0,799.0,-6.852244248031612e-07,-9.519536585659442e-13,8.291086773032541e-13,6.899748327431053e-07,-2.4306639978134216e-21,8.346642472031535e-10,9.512192699517077e-07,9.048180995274598e-13,1.928127975064164e-07,sisReg
87,0.10669429776268763,0.02820334092408526,0.1953125,8.981804267500342e-05,3.278298652078195e-06,0.004031288604582727,1.6541139067888126e-13,10.33266918726161,608.0,593.0,-0.011328494929548379,-0.0005809423868150471,0.0007332992086908587,0.0096779092533383,3.178983116579014e-11,4.8903395418662205e-05,0.0323536019191439,0.0010467555571424321,0.007260471553799977,sisReg
88,4.232001589133643e-06,2.4069686885848785e-07,3.90625,1.4096354795011569e-06,1.228055534341047e-10,6.270086561061676e-05,9.982490179556483e-18,10.33266918726161,1135.0,1107.0,-0.0001542609360207802,-2.7715868366741247e-08,1.1442701806578533e-07,0.00015061275604044043,1.9845825473047154e-15,2.096527430643478e-07,0.00019305236889002124,3.726921713404884e-08,4.972608250648126e-05,sisReg
89,1.2772769245373676e-10,8.37703808943382e-12,4.6875,8.805109304801177e-09,3.608432168297822e-15,3.7551667282936555e-07,8.197206607209434e-20,10.33266918726161,1388.0,1357.0,-1.011795058707112e-06,-9.362618958049244e-10,6.42038576942226e-10,9.954693723319242e-07,-1.770335784029033e-18,1.300265208934699e-09,1.0700392957311028e-06,1.1449840944087146e-12,3.1867166457887484e-07,sisReg
90,0.08157829101887278,0.01989504955697105,0.1953125,0.00012331370694308768,2.4283039901707703e-06,0.0034044143862141836,5.094471226968111e-14,10.33266918726161,707.0,688.0,-0.018470024929853838,-0.00023392937229191042,0.002121493109302121,0.015137222910261018,4.0003109982728764e-10,7.469885497210671e-05,0.02830090166523312,0.0008009410350651948,0.008238601864953258,sisReg
91,6.51880172841118e-06,2.042542724003987e-07,3.90625,2.370825368154877e-06,1.533370847952348e-10,4.362028591961613e-05,4.411875649398574e-18,10.33266918726161,1150.0,1121.0,-0.00036990991714083124,-2.5160570844150406e-08,1.7395550531674803e-07,0.00036945515263959343,2.6860404597174573e-15,-1.0738731136337532e-07,0.0002580367681723529,6.65829737288326e-08,0.00011228914647659195,sisReg
92,1.9471142936102056e-10,7.182848455528892e-12,4.4921875,1.3708136245967628e-08,4.439444061770375e-15,2.4923508536518675e-07,1.6913535141282556e-19,10.33266918726161,1313.0,1287.0,-2.0459123842766712e-06,-3.2138726581667854e-09,3.0109104755188524e-09,2.1243203483551277e-06,2.4023750411057332e-18,-6.767745725390327e-10,1.4244370121454803e-06,2.029020801569943e-12,6.410919341480113e-07,sisReg
93,0.10664323266649771,0.027325517267959627,0.1953125,9.245613045379376e-05,3.2667730973366955e-06,0.003968058309326433,4.500592332579129e-16,10.33266918726161,460.0,438.0,-0.01443532807431482,-1.1301580376832098e-05,2.1801322201808826e-05,0.012227939746735299,1.3309088017239954e-13,-7.164641823974603e-05,0.03227876756912699,0.0010419188357817244,0.007399448961061608,sisReg
94,5.048293385347599e-06,2.9371887072918445e-07,4.4921875,1.3437501279782923e-06,1.437212058597505e-10,4.116637418310341e-05,4.414307301756837e-20,10.33266918726161,807.0,775.0,-0.0002366710043386887,-1.6558026508610028e-10,5.680112108364666e-10,0.00023703442005301774,9.71642604387578e-18,4.075575040277038e-08,0.00021724776185151894,4.7196590029494293e-08,6.282418903804553e-05,sisReg
95,1.562191073307947e-10,1.2128197924551791e-11,4.6875,7.770471875314682e-09,4.311558669729678e-15,1.8080465601658983e-07,6.77217659778826e-22,10.33266918726161,902.0,872.0,-1.5009007550786667e-06,-5.982752157556418e-12,4.19804321736056e-12,1.5043861832014057e-06,-1.8307549267318224e-20,-3.233215568866849e-12,1.2286456715763493e-06,1.5095701862832986e-12,3.9898510246693233e-07,sisReg
96,0.11171980976178351,0.028642390290976587,0.1953125,8.605664077873872e-05,3.426348717820349e-06,0.004060418744498596,8.744688826677503e-17,10.33266918726161,342.0,313.0,-0.013057608746089347,-1.2936962026106267e-06,2.013666397245139e-06,0.012040229907591224,1.3493447969285002e-14,0.00010099411231455126,0.03298326374213356,0.0010878956870831423,0.007270372817332623,sisReg
97,4.443277143338978e-06,2.3779958735708424e-07,3.90625,1.1610448692203177e-06,1.3091886280661923e-10,4.62410057454143e-05,4.942950775026456e-21,10.33266918726161,707.0,669.0,-0.0001841319008032056,-2.2581886777570495e-11,4.806320515310918e-11,0.00018269857250286764,6.851933011479924e-19,8.56630984209551e-08,0.00020047842430771275,4.0191598612903304e-08,4.785842117104964e-05,sisReg
98,1.3775459666669742e-10,8.830398834028626e-12,4.6875,7.113223099824514e-09,3.9395270366598786e-15,2.5291197983982294e-07,4.7071445881315534e-23,10.33266918726161,790.0,751.0,-1.3211911611431487e-06,-5.954865518666982e-13,5.443825001291466e-13,1.3118287569619455e-06,2.7758721401398516e-22,5.48272045200379e-10,1.1396800129751725e-06,1.2988705319750894e-12,3.2869395688595757e-07,sisReg
99,0.11096296988531623,0.02841492426184885,0.1953125,9.191822258112685e-05,3.3938379729579554e-06,0.003975825613068145,2.424865398798229e-14,10.33266918726161,539.0,518.0,-0.01253790373351094,-0.00014604067660731705,0.00039491217663574073,0.011288468605125255,8.42223547163726e-12,-3.089418155944817e-05,0.03287430198458061,0.0010807197309734007,0.007669876479387786,sisReg
100,4.274606063006299e-06,2.3520762077758214e-07,3.7109375,1.360217806541859e-06,1.2323453152481416e-10,5.629725929493308e-05,1.0850739454739153e-18,10.33266918726161,1007.0,973.0,-0.00017866827558270294,-5.901894749482544e-09,1.1617697312843772e-08,0.00018322495173857318,1.8381880633886904e-16,-1.6182855241261087e-07,0.00019544596786697394,3.819912635545821e-08,5.334273451466726e-05,sisReg
101,1.2465118504219648e-10,9.377616210677303e-12,4.6875,8.138489120926666e-09,3.5056239073901563e-15,3.0455951894675273e-07,1.1468336024168541e-20,10.33266918726161,1170.0,1137.0,-1.1193739845138994e-06,-9.849895111624628e-11,9.395074749971167e-11,1.1357485167868424e-06,-2.7154383564207176e-19,-9.070455980658082e-10,1.0658370364126365e-06,1.1360085881888715e-12,3.2835776262282464e-07,sisReg
102,0.10408313039768538,0.027214991386119523,0.1953125,9.855741371498417e-05,3.177846284453639e-06,0.003928990804974767,2.675753033217251e-13,10.33266918726161,606.0,582.0,-0.012447394541533445,-0.0008829224307060569,0.0010279786831210876,0.012022833020519878,6.3276971625437e-11,8.842919422360869e-05,0.03197889113226528,0.0010226494780492747,0.007727355158789972,sisReg
103,4.358673877594154e-06,2.3122955190900995e-07,3.90625,1.546479516468418e-06,1.2127222706682302e-10,5.253191764244728e-05,1.33701910764486e-17,10.33266918726161,1195.0,1167.0,-0.00018984805078074298,-8.879721934623877e-08,1.52239449049107e-07,0.00018934944080399227,1.0685946348353407e-15,-1.3945655532736304e-07,0.00019962529218692403,3.9850257280714794e-08,6.212878938387952e-05,sisReg
104,1.2767499667440493e-10,7.778042132964723e-12,4.8828125,9.136196164733784e-09,3.4295408153694815e-15,2.618394538134372e-07,1.4148223443102868e-19,10.33266918726161,1450.0,1423.0,-1.1871061343857897e-06,-1.6678093038029763e-09,1.2859924341361313e-09,1.2021271887451392e-06,-7.615999736612339e-18,-6.105419459675945e-10,1.098163922613312e-06,1.2059640009294563e-12,3.9192726327563295e-07,sisReg
105,0.09088657953582459,0.023596866400646895,0.1953125,8.026932597446613e-05,2.788321224804321e-06,0.003662232705746103,2.637092070059954e-14,10.33266918726161,437.0,418.0,-0.009406508997324009,-0.0012438905897805864,0.00037956426502462766,0.011170453384153886,-7.605219073142703e-11,6.333284405584605e-05,0.02979844490185914,0.000887947318569135,0.007104025363554964,sisReg
106,3.1315315627785016e-06,2.023061566924191e-07,4.1015625,9.715151938009009e-07,9.363950622755957e-11,4.374854892530978e-05,1.9377560572429344e-18,10.33266918726161,1146.0,1119.0,-0.00010089458602372324,-9.264700896168375e-08,4.1701655683790816e-08,0.0001113734459502201,-6.752422104107923e-16,-8.788961106388425e-08,0.0001651408363425808,2.7271495827927056e-08,3.655108752792276e-05,sisReg
107,8.777331483970623e-11,7.2598523785811046e-12,4.6875,5.645927226949928e-09,2.5705164699483577e-15,2.2824216450983149e-07,2.1284044368094164e-20,10.33266918726161,1403.0,1371.0,-6.387546652488724e-07,-9.45141521798875e-10,5.682029317261486e-10,6.413621704916205e-07,-1.2532656006217734e-18,-4.736162853967264e-10,8.863417086842326e-07,7.856016245532849e-13,2.2699729464657626e-07,sisReg
108,0.09088657953582459,0.023596866400646895,0.1953125,8.026932597446613e-05,2.788321224804321e-06,0.003662232705746103,2.637092070059954e-14,10.33266918726161,437.0,418.0,-0.009406508997324009,-0.0012438905897805864,0.00037956426502462766,0.011170453384153886,-7.605219073142703e-11,6.333284405584605e-05,0.02979844490185914,0.000887947318569135,0.007104025363554964,sisReg
109,3.1315315627785016e-06,2.023061566924191e-07,4.1015625,9.715151938009009e-07,9.363950622755957e-11,4.374854892530978e-05,1.9377560572429344e-18,10.33266918726161,1146.0,1119.0,-0.00010089458602372324,-9.264700896168375e-08,4.1701655683790816e-08,0.0001113734459502201,-6.752422104107923e-16,-8.788961106388425e-08,0.0001651408363425808,2.7271495827927056e-08,3.655108752792276e-05,sisReg
110,8.777331483970623e-11,7.2598523785811046e-12,4.6875,5.645927226949928e-09,2.5705164699483577e-15,2.2824216450983149e-07,2.1284044368094164e-20,10.33266918726161,1403.0,1371.0,-6.387546652488724e-07,-9.45141521798875e-10,5.682029317261486e-10,6.413621704916205e-07,-1.2532656006217734e-18,-4.736162853967264e-10,8.863417086842326e-07,7.856016245532849e-13,2.2699729464657626e-07,sisReg
111,0.12233048337019131,0.03181220787070078,0.1953125,7.242599383955515e-05,3.774293826328314e-06,0.004270053200104129,1.542516435458693e-16,10.33266918726161,188.0,161.0,-0.008651812162165087,-7.128718201828127e-06,3.2784857938472257e-06,0.010562332021123631,-6.190342079183734e-14,9.133807011718153e-06,0.03452294651399066,0.0011918338360078602,0.007146097074672445,sisReg
112,3.7168742036967867e-06,2.735650325482213e-07,3.90625,6.768497451113359e-07,1.1685571601911015e-10,5.4211617829214634e-05,1.5534253502097938e-20,10.33266918726161,689.0,651.0,-4.548838760396195e-05,-7.838677107626806e-11,1.2211304419571042e-10,4.344971430251978e-05,1.4834842245204832e-18,1.331146971675532e-07,0.00017688349554237086,3.1287770995287934e-08,1.651526718294898e-05,sisReg
113,1.0185351950393182e-10,9.375790924475219e-12,4.4921875,4.027246751069788e-09,3.190094748190987e-15,3.2199706589663805e-07,9.772182594678803e-23,10.33266918726161,786.0,745.0,-2.768403949234447e-07,-1.0553386345337936e-12,7.544088209570436e-13,2.731408923622869e-07,-3.808239096114292e-22,9.087634564332405e-10,9.279925069991771e-07,8.611700930466177e-13,1.0071860179960402e-07,sisReg
114,0.11628382839283438,0.02959472367536538,0.1953125,6.693310186198421e-05,3.581044693926328e-06,0.004044958901245676,2.095976935627296e-17,10.33266918726161,125.0,90.0,-0.01042763624503112,-2.703643044095021e-07,2.4413155961965536e-07,0.010226537548955712,-9.802360059060685e-16,-0.00010238454522928712,0.03355816480061134,0.0011261504247849902,0.006910398653852911,sisReg
115,3.3358242975819377e-06,2.488082311521699e-07,3.90625,4.6410167774732973e-07,1.0556309957722609e-10,4.029978904393853e-05,1.0611420728273427e-21,10.33266918726161,466.0,427.0,-2.783806478749942e-05,-4.301817770541575e-12,8.941260450578394e-12,2.4878591078757264e-05,1.6565423498094469e-19,3.4359466457150564e-08,0.00016738074931540417,2.801631524138617e-08,1.1944025918455204e-05,sisReg
116,8.640803056040462e-11,8.520269702027383e-12,4.6875,2.291807459104414e-09,2.7306594976575168e-15,1.874833674349387e-07,7.384767030162505e-24,10.33266918726161,601.0,561.0,-1.450545254393448e-07,-5.051712781638051e-14,5.1306661906743684e-14,1.4837610816401128e-07,8.844086265794808e-24,9.587220936733124e-11,8.530954684693658e-07,7.277718783229668e-13,6.757339035781103e-08,sisReg
117,0.0990138620627605,0.025668625907482374,0.1953125,6.559019423510639e-05,3.053699501549541e-06,0.0037943126392938208,1.7318984180712007e-17,10.33266918726161,227.0,196.0,-0.009205712200129562,-1.13225820719083e-06,6.680586162505396e-07,0.010233354136498353,-2.97102101919719e-15,6.888538484101668e-05,0.031061214053445377,0.0009647990184739526,0.0063946513197271826,sisReg
118,3.0534503120698246e-06,2.2767630080644983e-07,4.1015625,6.274544127741692e-07,9.56988368289466e-11,4.7770821128828396e-05,2.231939646322642e-21,10.33266918726161,487.0,449.0,-5.375137516251828e-05,-2.2502515072069398e-11,1.52733937333502e-11,5.304454136602266e-05,9.742556189412199e-21,-1.122216818910486e-07,0.00016079425932550445,2.5854793832037575e-08,1.7873593528021066e-05,sisReg
119,8.032813758198334e-11,7.998830592590504e-12,4.6875,3.1480447406549523e-09,2.52047483783277e-15,2.4094431474623387e-07,3.628884145993801e-24,10.33266918726161,654.0,611.0,-2.2884969907596237e-07,-2.4222845759638133e-13,1.344753362663715e-13,2.316819178169362e-07,-7.718551473950973e-22,-5.304887645661507e-10,8.250306831073954e-07,6.806756280686554e-13,8.748919573276732e-08,sisReg
120,0.0990138620627605,0.025668625907482374,0.1953125,6.559019423510639e-05,3.053699501549541e-06,0.0037943126392938208,1.7318984180712007e-17,10.33266918726161,227.0,196.0,-0.009205712200129562,-1.13225820719083e-06,6.680586162505396e-07,0.010233354136498353,-2.97102101919719e-15,6.888538484101668e-05,0.031061214053445377,0.0009647990184739526,0.0063946513197271826,sisReg
121,3.0534503120698246e-06,2.2767630080644983e-07,4.1015625,6.274544127741692e-07,9.56988368289466e-11,4.7770821128828396e-05,2.231939646322642e-21,10.33266918726161,487.0,449.0,-5.375137516251828e-05,-2.2502515072069398e-11,1.52733937333502e-11,5.304454136602266e-05,9.742556189412199e-21,-1.122216818910486e-07,0.00016079425932550445,2.5854793832037575e-08,1.7873593528021066e-05,sisReg
122,8.032813758198334e-11,7.998830592590504e-12,4.6875,3.1480447406549523e-09,2.52047483783277e-15,2.4094431474623387e-07,3.628884145993801e-24,10.33266918726161,654.0,611.0,-2.2884969907596237e-07,-2.4222845759638133e-13,1.344753362663715e-13,2.316819178169362e-07,-7.718551473950973e-22,-5.304887645661507e-10,8.250306831073954e-07,6.806756280686554e-13,8.748919573276732e-08,sisReg
123,0.0990138620627605,0.025668625907482374,0.1953125,6.559019423510639e-05,3.053699501549541e-06,0.0037943126392938208,1.7318984180712007e-17,10.33266918726161,227.0,196.0,-0.009205712200129562,-1.13225820719083e-06,6.680586162505396e-07,0.010233354136498353,-2.97102101919719e-15,6.888538484101668e-05,0.031061214053445377,0.0009647990184739526,0.0063946513197271826,sisReg
124,3.0534503120698246e-06,2.2767630080644983e-07,4.1015625,6.274544127741692e-07,9.56988368289466e-11,4.7770821128828396e-05,2.231939646322642e-21,10.33266918726161,487.0,449.0,-5.375137516251828e-05,-2.2502515072069398e-11,1.52733937333502e-11,5.304454136602266e-05,9.742556189412199e-21,-1.122216818910486e-07,0.00016079425932550445,2.5854793832037575e-08,1.7873593528021066e-05,sisReg
125,8.032813758198334e-11,7.998830592590504e-12,4.6875,3.1480447406549523e-09,2.52047483783277e-15,2.4094431474623387e-07,3.628884145993801e-24,10.33266918726161,654.0,611.0,-2.2884969907596237e-07,-2.4222845759638133e-13,1.344753362663715e-13,2.316819178169362e-07,-7.718551473950973e-22,-5.304887645661507e-10,8.250306831073954e-07,6.806756280686554e-13,8.748919573276732e-08,sisReg
126,0.1005360850873065,0.023166928184152728,0.1953125,0.00021043350467369825,3.16210092690716e-06,0.0036280924058693493,1.9668821674894205e-08,10.208616538591631,903.0,909.0,-0.0279565603643863,-0.004080453670536808,0.006720208674634931,0.019442549334535993,0.00011594084305553934,-0.00011673454363203572,0.03355121421367685,0.0011256839752120313,0.01233553209757786,sisTel
127,1.058745537082649e-05,2.4848062450262284e-07,4.4921875,4.063590104860388e-06,2.1476915828330627e-10,3.908051471224804e-05,1.5810101184650983e-12,10.208616538591631,1746.0,1738.0,-0.0003991934436220238,-8.767234962442572e-05,9.66267104618195e-05,0.0004154565977632595,5.174377770103226e-10,-4.923407454903806e-08,0.0003524597044591451,1.2422784326742792e-07,0.00017536423418435817,sisTel
128,3.3372506137620987e-10,8.468257761789684e-12,4.4921875,2.333919151129114e-08,6.511671012603807e-15,2.6032820717594866e-07,8.895087911982998e-14,10.208616538591631,2011.0,2007.0,-2.4724957586272352e-06,-5.104260653805769e-07,5.344860614857274e-07,2.4943910753615307e-06,-9.404397714039275e-13,-9.418473146127655e-10,1.9869688642264165e-06,3.948045267405215e-12,1.031628251849532e-06,sisTel
129,0.1005360850873065,0.023166928184152728,0.1953125,0.00021043350467369825,3.16210092690716e-06,0.0036280924058693493,1.9668821674894205e-08,10.208616538591631,903.0,909.0,-0.0279565603643863,-0.004080453670536808,0.006720208674634931,0.019442549334535993,0.00011594084305553934,-0.00011673454363203572,0.03355121421367685,0.0011256839752120313,0.01233553209757786,sisTel
130,1.058745537082649e-05,2.4848062450262284e-07,4.4921875,4.063590104860388e-06,2.1476915828330627e-10,3.908051471224804e-05,1.5810101184650983e-12,10.208616538591631,1746.0,1738.0,-0.0003991934436220238,-8.767234962442572e-05,9.66267104618195e-05,0.0004154565977632595,5.174377770103226e-10,-4.923407454903806e-08,0.0003524597044591451,1.2422784326742792e-07,0.00017536423418435817,sisTel
131,3.3372506137620987e-10,8.468257761789684e-12,4.4921875,2.333919151129114e-08,6.511671012603807e-15,2.6032820717594866e-07,8.895087911982998e-14,10.208616538591631,2011.0,2007.0,-2.4724957586272352e-06,-5.104260653805769e-07,5.344860614857274e-07,2.4943910753615307e-06,-9.404397714039275e-13,-9.418473146127655e-10,1.9869688642264165e-06,3.948045267405215e-12,1.031628251849532e-06,sisTel
132,0.1005360850873065,0.023166928184152728,0.1953125,0.00021043350467369825,3.16210092690716e-06,0.0036280924058693493,1.9668821674894205e-08,10.208616538591631,903.0,909.0,-0.0279565603643863,-0.004080453670536808,0.006720208674634931,0.019442549334535993,0.00011594084305553934,-0.00011673454363203572,0.03355121421367685,0.0011256839752120313,0.01233553209757786,sisTel
133,1.058745537082649e-05,2.4848062450262284e-07,4.4921875,4.063590104860388e-06,2.1476915828330627e-10,3.908051471224804e-05,1.5810101184650983e-12,10.208616538591631,1746.0,1738.0,-0.0003991934436220238,-8.767234962442572e-05,9.66267104618195e-05,0.0004154565977632595,5.174377770103226e-10,-4.923407454903806e-08,0.0003524597044591451,1.2422784326742792e-07,0.00017536423418435817,sisTel
134,3.3372506137620987e-10,8.468257761789684e-12,4.4921875,2.333919151129114e-08,6.511671012603807e-15,2.6032820717594866e-07,8.895087911982998e-14,10.208616538591631,2011.0,2007.0,-2.4724957586272352e-06,-5.104260653805769e-07,5.344860614857274e-07,2.4943910753615307e-06,-9.404397714039275e-13,-9.418473146127655e-10,1.9869688642264165e-06,3.948045267405215e-12,1.031628251849532e-06,sisTel
135,0.1005360850873065,0.023166928184152728,0.1953125,0.00021043350467369825,3.16210092690716e-06,0.0036280924058693493,1.9668821674894205e-08,10.208616538591631,903.0,909.0,-0.0279565603643863,-0.004080453670536808,0.006720208674634931,0.019442549334535993,0.00011594084305553934,-0.00011673454363203572,0.03355121421367685,0.0011256839752120313,0.01233553209757786,sisTel
136,1.058745537082649e-05,2.4848062450262284e-07,4.4921875,4.063590104860388e-06,2.1476915828330627e-10,3.908051471224804e-05,1.5810101184650983e-12,10.208616538591631,1746.0,1738.0,-0.0003991934436220238,-8.767234962442572e-05,9.66267104618195e-05,0.0004154565977632595,5.174377770103226e-10,-4.923407454903806e-08,0.0003524597044591451,1.2422784326742792e-07,0.00017536423418435817,sisTel
137,3.3372506137620987e-10,8.468257761789684e-12,4.4921875,2.333919151129114e-08,6.511671012603807e-15,2.6032820717594866e-07,8.895087911982998e-14,10.208616538591631,2011.0,2007.0,-2.4724957586272352e-06,-5.104260653805769e-07,5.344860614857274e-07,2.4943910753615307e-06,-9.404397714039275e-13,-9.418473146127655e-10,1.9869688642264165e-06,3.948045267405215e-12,1.031628251849532e-06,sisTel
138,0.1005360850873065,0.023166928184152728,0.1953125,0.00021043350467369825,3.16210092690716e-06,0.0036280924058693493,1.9668821674894205e-08,10.208616538591631,903.0,909.0,-0.0279565603643863,-0.004080453670536808,0.006720208674634931,0.019442549334535993,0.00011594084305553934,-0.00011673454363203572,0.03355121421367685,0.0011256839752120313,0.01233553209757786,sisTel
139,1.058745537082649e-05,2.4848062450262284e-07,4.4921875,4.063590104860388e-06,2.1476915828330627e-10,3.908051471224804e-05,1.5810101184650983e-12,10.208616538591631,1746.0,1738.0,-0.0003991934436220238,-8.767234962442572e-05,9.66267104618195e-05,0.0004154565977632595,5.174377770103226e-10,-4.923407454903806e-08,0.0003524597044591451,1.2422784326742792e-07,0.00017536423418435817,sisTel
140,3.3372506137620987e-10,8.468257761789684e-12,4.4921875,2.333919151129114e-08,6.511671012603807e-15,2.6032820717594866e-07,8.895087911982998e-14,10.208616538591631,2011.0,2007.0,-2.4724957586272352e-06,-5.104260653805769e-07,5.344860614857274e-07,2.4943910753615307e-06,-9.404397714039275e-13,-9.418473146127655e-10,1.9869688642264165e-06,3.948045267405215e-12,1.031628251849532e-06,sisTel
141,0.1005360850873065,0.023166928184152728,0.1953125,0.00021043350467369825,3.16210092690716e-06,0.0036280924058693493,1.9668821674894205e-08,10.208616538591631,903.0,909.0,-0.0279565603643863,-0.004080453670536808,0.006720208674634931,0.019442549334535993,0.00011594084305553934,-0.00011673454363203572,0.03355121421367685,0.0011256839752120313,0.01233553209757786,sisTel
142,1.058745537082649e-05,2.4848062450262284e-07,4.4921875,4.063590104860388e-06,2.1476915828330627e-10,3.908051471224804e-05,1.5810101184650983e-12,10.208616538591631,1746.0,1738.0,-0.0003991934436220238,-8.767234962442572e-05,9.66267104618195e-05,0.0004154565977632595,5.174377770103226e-10,-4.923407454903806e-08,0.0003524597044591451,1.2422784326742792e-07,0.00017536423418435817,sisTel
143,3.3372506137620987e-10,8.468257761789684e-12,4.4921875,2.333919151129114e-08,6.511671012603807e-15,2.6032820717594866e-07,8.895087911982998e-14,10.208616538591631,2011.0,2007.0,-2.4724957586272352e-06,-5.104260653805769e-07,5.344860614857274e-07,2.4943910753615307e-06,-9.404397714039275e-13,-9.418473146127655e-10,1.9869688642264165e-06,3.948045267405215e-12,1.031628251849532e-06,sisTel
144,0.1005360850873065,0.023166928184152728,0.1953125,0.00021043350467369825,3.16210092690716e-06,0.0036280924058693493,1.9668821674894205e-08,10.208616538591631,903.0,909.0,-0.0279565603643863,-0.004080453670536808,0.006720208674634931,0.019442549334535993,0.00011594084305553934,-0.00011673454363203572,0.03355121421367685,0.0011256839752120313,0.01233553209757786,sisTel
145,1.058745537082649e-05,2.4848062450262284e-07,4.4921875,4.063590104860388e-06,2.1476915828330627e-10,3.908051471224804e-05,1.5810101184650983e-12,10.208616538591631,1746.0,1738.0,-0.0003991934436220238,-8.767234962442572e-05,9.66267104618195e-05,0.0004154565977632595,5.174377770103226e-10,-4.923407454903806e-08,0.0003524597044591451,1.2422784326742792e-07,0.00017536423418435817,sisTel
146,3.3372506137620987e-10,8.468257761789684e-12,4.4921875,2.333919151129114e-08,6.511671012603807e-15,2.6032820717594866e-07,8.895087911982998e-14,10.208616538591631,2011.0,2007.0,-2.4724957586272352e-06,-5.104260653805769e-07,5.344860614857274e-07,2.4943910753615307e-06,-9.404397714039275e-13,-9.418473146127655e-10,1.9869688642264165e-06,3.948045267405215e-12,1.031628251849532e-06,sisTel
147,0.1005360850873065,0.023166928184152728,0.1953125,0.00021043350467369825,3.16210092690716e-06,0.0036280924058693493,1.9668821674894205e-08,10.208616538591631,903.0,909.0,-0.0279565603643863,-0.004080453670536808,0.006720208674634931,0.019442549334535993,0.00011594084305553934,-0.00011673454363203572,0.03355121421367685,0.0011256839752120313,0.01233553209757786,sisTel
148,1.058745537082649e-05,2.4848062450262284e-07,4.4921875,4.063590104860388e-06,2.1476915828330627e-10,3.908051471224804e-05,1.5810101184650983e-12,10.208616538591631,1746.0,1738.0,-0.0003991934436220238,-8.767234962442572e-05,9.66267104618195e-05,0.0004154565977632595,5.174377770103226e-10,-4.923407454903806e-08,0.0003524597044591451,1.2422784326742792e-07,0.00017536423418435817,sisTel
149,3.3372506137620987e-10,8.468257761789684e-12,4.4921875,2.333919151129114e-08,6.511671012603807e-15,2.6032820717594866e-07,8.895087911982998e-14,10.208616538591631,2011.0,2007.0,-2.4724957586272352e-06,-5.104260653805769e-07,5.344860614857274e-07,2.4943910753615307e-06,-9.404397714039275e-13,-9.418473146127655e-10,1.9869688642264165e-06,3.948045267405215e-12,1.031628251849532e-06,sisTel
150,0.13642473621998005,0.02650931297535421,0.1953125,0.00018013498661311402,4.337553085247606e-06,0.003882640961271199,4.176004820528007e-10,10.208616538591631,384.0,374.0,-0.03962218435653835,-0.004162507804353765,0.00454533705135055,0.03891108534963471,1.99096129498856e-08,-5.393676669429437e-05,0.039678007960351265,0.0015743443157016986,0.015443199176084185,sisTel
151,3.833642422705637e-06,2.2639090934446301e-07,4.1015625,1.2429217054004866e-06,1.2659485691956127e-10,4.085011245451272e-05,4.156283847546563e-14,10.208616538591631,1082.0,1067.0,-0.00013561191806489478,-1.7851267686156406e-05,1.724368854772694e-05,0.00013120188554606931,5.026164423957739e-12,-5.615490410788185e-08,0.00019809102127515103,3.924005270983234e-08,5.603108154492333e-05,sisTel
152,7.866373037160452e-11,7.622720750769106e-12,4.4921875,4.930936744256143e-09,2.68020997335871e-15,2.194001439166221e-07,5.979698344393663e-16,10.208616538591631,1585.0,1565.0,-4.068811098275965e-07,-7.318206210631713e-08,7.106222214936862e-08,4.13526179688808e-07,5.3196680290656135e-15,-4.999060518666956e-10,8.724108166602246e-07,7.6110063302576e-13,1.7916352636107382e-07,sisTel
153,0.14018367236361273,0.026408175604025353,0.1953125,0.00017112884379399823,4.572473212032942e-06,0.003957182869226607,1.9255060431901234e-13,10.208616538591631,282.0,257.0,-0.04364551190969803,-0.000658872391445448,0.0004928341974743818,0.04101012032417669,-2.1627193995898402e-11,-0.00019933569785373818,0.04002233083691772,0.0016017869656196947,0.014704490713813625,sisTel
154,4.424263114476148e-06,2.2255875657879957e-07,3.90625,1.1824294107526051e-06,1.4635893219278132e-10,3.813973209746972e-05,1.1625222079391535e-17,10.208616538591631,557.0,531.0,-0.00017270041392410075,-1.3273050437433237e-08,1.7210361734056913e-08,0.00015849700773994091,1.4221229409383609e-15,-2.8369981057527042e-08,0.0002157955861792904,4.6567735014463546e-08,5.789513575994729e-05,sisTel
155,7.269083286344318e-11,7.162706517715954e-12,4.6875,3.623647656317224e-09,2.536721466578538e-15,1.7963284198452978e-07,3.777367509449997e-19,10.208616538591631,922.0,897.0,-3.616457907593572e-07,-4.846419216868863e-10,6.167124961849027e-10,3.5581905356408035e-07,2.21579992969889e-17,-3.396627569585804e-10,8.3758882047341e-07,7.015550321820382e-13,1.3204176597319184e-07,sisTel
156,0.14191571235318312,0.029394361025818418,0.1953125,0.00019930143461179236,4.537749409215258e-06,0.004078641259170615,1.6336137712746944e-10,10.208616538591631,439.0,425.0,-0.039172851575317955,-0.005329742256603618,0.004572860016082404,0.03812909741828898,-5.308886166059553e-08,-0.00010910236164077543,0.04005556798381684,0.0016044485265061725,0.01585415281629243,sisTel
157,5.6207638995354265e-06,2.805404500698849e-07,3.90625,1.8307371666140763e-06,1.725926454150931e-10,4.189645827236576e-05,8.293007203647688e-15,10.208616538591631,955.0,939.0,-0.0002237686423658239,-1.7926248815884018e-05,1.5591571796384205e-05,0.0002298452836219912,1.5476145815777365e-12,4.8945482862846504e-08,0.00024573288241414937,6.038464949956615e-08,8.582624778498405e-05,sisTel
158,1.103114630267353e-10,8.668797751619204e-12,4.6875,6.651461414458287e-09,3.5662997835765956e-15,1.9682200266364298e-07,1.730173782676322e-16,10.208616538591631,1394.0,1379.0,-7.442229474159136e-07,-6.767499739498082e-08,6.490416411498607e-08,7.257308413761233e-07,1.2680617708694372e-14,1.7405482370082118e-10,1.0642164514242496e-06,1.1325566554820222e-12,3.1374718781203257e-07,sisTel
159,0.1325130704294926,0.03216115906270062,0.1953125,0.00016627535362802315,4.3655810680442445e-06,0.004253129012639719,4.78273529621923e-08,10.208616538591631,622.0,626.0,-0.02468060164528031,-0.0051775494215894995,0.0049064668790369335,0.02531596226051353,-8.179424170377232e-06,-1.5977252143649502e-05,0.03850769203559855,0.0014828423459084996,0.013366650020141438,sisTel
160,4.53361869786151e-06,2.8199598611191064e-07,4.296875,1.6712545270184684e-06,1.403958762679366e-10,4.4316069125700234e-05,2.7361070819414615e-12,10.208616538591631,1437.0,1429.0,-0.0001723158838964888,-4.1750552383635386e-05,4.2814446622520495e-05,0.00016820644918322833,3.3066480748149725e-10,5.461906917148643e-08,0.00021336924451698694,4.552643450574976e-08,7.17511683648622e-05,sisTel
161,1.1114954151036643e-10,1.00156604589633e-11,4.4921875,7.73186213123421e-09,3.4731929449777796e-15,2.318183279193911e-07,2.60126501993046e-14,10.208616538591631,1918.0,1908.0,-7.750499649942172e-07,-1.9627080869848046e-07,1.9760405221840337e-07,7.793191271618148e-07,-7.989229588669412e-14,4.0601906677716935e-10,1.0521566210275526e-06,1.107033555172117e-12,3.365238861701061e-07,sisTel
162,0.10299924294772503,0.011602919821176342,0.1953125,0.0001422891106529761,3.5001146061498274e-06,0.0037514380239673764,2.0669746287416087e-16,10.208616538591631,166.0,141.0,-0.014720123204416966,-5.681994777060033e-07,6.172813474154013e-07,0.019480036811348453,2.6586415228862974e-14,-1.090950117037016e-06,0.03479042550225239,0.0012103737066277735,0.009349329899810209,sisTel
163,1.8727263481549057e-05,1.029556625951586e-06,3.515625,1.9841474441141867e-06,6.360575340610881e-10,4.733158140082983e-05,1.061077565425612e-20,10.208616538591631,362.0,335.0,-6.78770683047301e-05,-5.5046957446201814e-12,2.322325286337494e-11,6.267162739407777e-05,2.2018391035164584e-18,2.155547457907231e-10,0.00047569460231783285,2.2628535467432116e-07,0.00010248442020380956,sisTel
164,1.979236633501022e-10,1.3011186823597743e-11,4.6875,6.356246124471751e-09,6.73244027534009e-15,1.722199798868627e-07,2.566633520481384e-21,10.208616538591631,444.0,415.0,-3.107133868241066e-07,-4.805706919934646e-12,4.185282422264209e-12,2.8063873775691793e-07,1.617449670828819e-19,-9.076052873355325e-11,1.547764187882748e-06,2.395573981292342e-12,3.4738853034888875e-07,sisTel
165,0.14046370315419796,0.027196248331276467,0.1953125,0.0001970720089126592,4.569679771413869e-06,0.004001119973017993,8.487010817710109e-14,10.208616538591631,331.0,309.0,-0.041915169172579626,-0.0003432701834215175,0.0005023919254937416,0.04123160766821697,7.358312276626638e-12,-0.0001535325696061719,0.03983612293841385,0.001586916690764422,0.014677016907541087,sisTel
166,1.160612621204115e-05,2.389058575038085e-07,4.1015625,3.1332106544436558e-06,3.6938495442332314e-10,0.0001316734198978049,8.474712781314228e-18,10.208616538591631,641.0,613.0,-0.0003289130638068332,-6.835800882928481e-09,1.4758419286316754e-08,0.00033369748345811207,1.1146814252250578e-15,8.559090994602764e-07,0.0003531505271368623,1.2471529481704372e-07,0.00010762214191214242,sisTel
167,1.1947024786086196e-10,6.884007428402512e-12,4.6875,7.594161725768422e-09,3.746153274098952e-15,1.822950716237379e-07,3.431599681529818e-19,10.208616538591631,890.0,865.0,-1.1543316479758089e-06,-4.537445138919033e-10,7.639817121289644e-10,1.1168509976819903e-06,1.1331112991164448e-17,3.602270760130499e-10,1.1432324505031523e-06,1.3069804358834427e-12,3.730022849654273e-07,sisTel
168,0.1372534904035381,0.033922495201335216,0.1953125,0.00012740405738308634,4.673878978501337e-06,0.004374498834597681,9.868168381091022e-14,10.208616538591631,281.0,264.0,-0.023165824402320543,-0.0004323805312127979,0.0003687928277075773,0.02342200009295449,-2.5861430183158383e-11,6.118768602632949e-06,0.03901851574883842,0.0015224445712423518,0.011087911858031919,sisTel
169,4.33769356293021e-06,3.032306003318446e-07,4.1015625,1.1013402073671377e-06,1.4711747617178398e-10,4.29300625004625e-05,9.74430499692541e-18,10.208616538591631,693.0,667.0,-0.00013553393859666455,-8.736000730863728e-09,1.5431561003035612e-08,0.00014064802315515515,1.3706919781795518e-15,3.476442572253539e-08,0.00020672296104837687,4.273438262460874e-08,4.332298607051078e-05,sisTel
170,1.0696775517187519e-10,1.0271888420524972e-11,4.4921875,5.002745829485527e-09,3.668189666032288e-15,2.213855717093851e-07,6.750799225031723e-20,10.208616538591631,928.0,899.0,-5.705541153832427e-07,-1.5396660267213052e-10,1.534655336356324e-10,5.757038584874202e-07,-4.3721204949290866e-18,2.9848577128782767e-10,1.0219072740764187e-06,1.0442944768102968e-12,1.9304932478601725e-07,sisTel
171,0.13609533674525073,0.032948300171533225,0.1953125,0.0001848940478185828,4.466986111025225e-06,0.0042944007304047925,2.0082513361490506e-08,10.208616538591631,697.0,688.0,-0.024618070231960762,-0.0065760634677277515,0.006843218566400662,0.02562639358065921,6.470149112399991e-06,0.0001883475209805113,0.03898835290325546,0.0015200916621087885,0.01432069977794014,sisTel
172,5.912322124340341e-06,2.8217193065472185e-07,3.90625,2.196974263874198e-06,1.7016817806698303e-10,4.416063927818772e-05,1.9970944851149783e-12,10.208616538591631,1380.0,1372.0,-0.00023324378003151882,-5.474470692116827e-05,5.3383678483696045e-05,0.00023361588737295453,6.170613118562352e-10,-5.652786928227156e-08,0.00025112161446654723,6.306206525228517e-08,0.00010272887240890687,sisTel
173,1.4130489971056475e-10,9.287493914852878e-12,4.6875,9.45537506058409e-09,4.209061480012976e-15,2.0712029371233342e-07,3.2278838305590544e-14,10.208616538591631,1909.0,1903.0,-1.0288396347172232e-06,-2.1105485051077346e-07,2.1564596397797315e-07,1.0429652741027252e-06,-4.409723560170724e-13,-1.6137478439990096e-10,1.2244523593212997e-06,1.4992835802474972e-12,4.598442159197807e-07,sisTel
174,0.13609533674525073,0.032948300171533225,0.1953125,0.0001848940478185828,4.466986111025225e-06,0.0042944007304047925,2.0082513361490506e-08,10.208616538591631,697.0,688.0,-0.024618070231960762,-0.0065760634677277515,0.006843218566400662,0.02562639358065921,6.470149112399991e-06,0.0001883475209805113,0.03898835290325546,0.0015200916621087885,0.01432069977794014,sisTel
175,5.912322124340341e-06,2.8217193065472185e-07,3.90625,2.196974263874198e-06,1.7016817806698303e-10,4.416063927818772e-05,1.9970944851149783e-12,10.208616538591631,1380.0,1372.0,-0.00023324378003151882,-5.474470692116827e-05,5.3383678483696045e-05,0.00023361588737295453,6.170613118562352e-10,-5.652786928227156e-08,0.00025112161446654723,6.306206525228517e-08,0.00010272887240890687,sisTel
176,1.4130489971056475e-10,9.287493914852878e-12,4.6875,9.45537506058409e-09,4.209061480012976e-15,2.0712029371233342e-07,3.2278838305590544e-14,10.208616538591631,1909.0,1903.0,-1.0288396347172232e-06,-2.1105485051077346e-07,2.1564596397797315e-07,1.0429652741027252e-06,-4.409723560170724e-13,-1.6137478439990096e-10,1.2244523593212997e-06,1.4992835802474972e-12,4.598442159197807e-07,sisTel
177,0.14335405418680405,0.03565973122565971,0.1953125,0.00016700181242080287,4.798691433113814e-06,0.004444388268901643,6.388372831769208e-08,10.208616538591631,816.0,819.0,-0.023784896785905844,-0.005012995248821343,0.004975584140183709,0.024157821514846176,-8.914024272936254e-06,-0.00010855065454377115,0.03986950325027562,0.0015895772894237385,0.01307450371132344,sisTel
178,5.957689713500245e-06,2.9414071066230765e-07,3.90625,2.1411849959256777e-06,1.6845563575496206e-10,4.1577811331432293e-05,5.807973578554581e-12,10.208616538591631,1530.0,1524.0,-0.00026825497143883323,-5.45891731307342e-05,5.642748824620545e-05,0.0002616412624074426,1.3024672720417597e-09,2.2639185049339e-08,0.00025060120334960287,6.2800963120269e-08,0.00010568749398577943,sisTel
179,1.2955674521454143e-10,9.661994219175243e-12,4.4921875,9.492851201205872e-09,3.7842512415795225e-15,1.8287995174647729e-07,5.695960363380271e-14,10.208616538591631,1933.0,1933.0,-1.1053292706914287e-06,-2.684878029324239e-07,2.683176318288117e-07,1.0934453518362467e-06,2.8160776405846673e-12,-7.725074179537302e-12,1.1553004946301824e-06,1.3347192328927443e-12,4.6126344310126346e-07,sisTel
180,0.429263259257494,0.024167729781380393,2.34375,0.0005078124874283083,1.2586680978806852e-05,0.0068202165963492335,1.3167707173155628e-06,10.208616538591631,1040.0,1044.0,-0.08875157366245592,-0.006378793111823047,0.007204088438150845,0.0931032818126791,-6.4825172582182955e-06,0.00017765671110841883,0.07257095418380219,0.005266543391147516,0.032003856006493296,sisTel
181,0.00015490086922525706,5.6761043308056156e-06,2.734375,9.378312564225411e-06,4.608017585266715e-09,0.00012879220099742242,2.044550503030183e-10,10.208616538591631,1815.0,1815.0,-0.0015712338692692094,-7.395162802720654e-05,7.473190217638556e-05,0.001612761842786519,2.8606779295987072e-08,-1.7151869053803742e-09,0.0013930914431999214,1.9407037691168396e-06,0.0005530485301890114,sisTel
182,7.921933938114837e-10,4.091362581922285e-11,4.296875,2.2827811120811307e-08,2.4032047530676043e-14,3.504759730145864e-07,4.115037645665001e-11,10.208616538591631,2280.0,2266.0,-3.270646856355224e-06,-2.2763349025401646e-07,2.387619212216418e-07,3.3382308017688394e-06,-1.5615542825700447e-09,5.2922132157097e-09,3.1545133205277757e-06,9.950954289387173e-12,1.246323036203357e-06,sisTel
183,0.12385221095043861,0.029663218279709087,0.1953125,0.00015154668817545804,4.181365530668953e-06,0.004135143332957721,1.6607134172275407e-10,10.208616538591631,620.0,608.0,-0.02318517847446052,-0.0031810783746509747,0.0029073111023210575,0.023956948074197144,-1.7992926288074573e-08,0.00021792752435245008,0.03724267220676826,0.0013870166331007888,0.011778992783954396,sisTel
184,6.624575727253062e-06,2.4344883440916417e-07,3.90625,1.9044042334333454e-06,2.0224686678161745e-10,4.1618701464820136e-05,1.6643100792719343e-14,10.208616538591631,1150.0,1137.0,-0.0002391475492514366,-2.0328216658686874e-05,1.9993577345767636e-05,0.00023181256571492523,3.5758269288226972e-12,4.4050195474642595e-08,0.0002688642118224342,7.228796439889878e-08,9.1624517764711e-05,sisTel
185,1.0969509913283537e-10,7.981040034323834e-12,4.6875,7.388167156497517e-09,3.463133004994592e-15,1.842180491602662e-07,5.218964815071837e-16,10.208616538591631,1457.0,1445.0,-8.5621357579904e-07,-9.58265920293923e-08,8.918905569703795e-08,8.411054929368855e-07,2.8011820282340278e-14,3.9265851352519055e-10,1.066118282457545e-06,1.1366081921902259e-12,3.375557337372003e-07,sisTel
186,0.016163453934234764,0.0005879746036146218,1.7578125,0.00014017920722518313,3.61102167927592e-07,0.0009492146617249157,5.5369723522438245e-06,10.208616538591631,1156.0,1160.0,-0.020921241162158877,-0.004088585511925384,0.00401038699995817,0.02077970843211842,5.492211399146799e-05,1.0774586972983648e-05,0.014338737196524289,0.00020559938439098922,0.008242105615901711,sisTel
187,4.835999018068604e-06,1.207515359723539e-07,3.3203125,2.6953902784872296e-06,1.0254571471347488e-10,2.4912535922698117e-05,1.0752239789086234e-07,10.208616538591631,1998.0,2000.0,-0.00037390188414404676,-7.276156133834002e-05,7.410591238151453e-05,0.00036713544431701904,-8.500900893670038e-08,9.478804343621678e-08,0.00024373048578652732,5.9404549701736595e-08,0.00014492990671645972,sisTel
188,3.2344019231050275e-11,5.471845673354843e-13,4.296875,8.294439707682055e-09,6.540036818057366e-16,1.0351689648651006e-07,4.016241620728676e-10,10.208616538591631,2634.0,2636.0,-9.616943620225947e-07,-2.1009275768439544e-07,2.1412727677061188e-07,9.69627435065364e-07,-3.1293006797232622e-09,-1.5752964078255957e-10,6.300639981129337e-07,3.9698064171805487e-13,3.830207434294577e-07,sisTel
